{
  "model_name": "Compacto regularizado + MAE",
  "model_config": {
    "type": "autoencoder",
    "input_dim": 115,
    "hidden_dims": [
      64,
      32
    ],
    "latent_dim": 16,
    "activation": "leaky_relu",
    "output_activation": "linear",
    "dropout_rate": 0.1,
    "batch_norm": true,
    "l2_reg": 0.0001,
    "optimizer": "adam",
    "learning_rate": 0.001,
    "loss": "mae",
    "reconstruction_error": "mae"
  },
  "epochs_trained": 100,
  "best_epoch": 100,
  "best_val_loss": 0.08482713997364044,
  "train_error_summary": {
    "mean": 0.07948169112205505,
    "std": 0.15021654963493347,
    "min": 0.010215993970632553,
    "p50": 0.029313387349247932,
    "p95": 0.29128891229629517,
    "p99": 0.7942092418670654,
    "max": 4.845437049865723
  },
  "val_error_summary": {
    "mean": 0.07888077944517136,
    "std": 0.1676516979932785,
    "min": 0.011273803189396858,
    "p50": 0.02896588109433651,
    "p95": 0.27664798498153687,
    "p99": 0.7940056920051575,
    "max": 4.519440650939941
  }
}