{
  "model_name": "Compacto + MSE",
  "model_config": {
    "type": "autoencoder",
    "input_dim": 115,
    "hidden_dims": [
      64,
      32
    ],
    "latent_dim": 16,
    "activation": "relu",
    "output_activation": "linear",
    "dropout_rate": 0.0,
    "batch_norm": false,
    "l2_reg": 0.0,
    "optimizer": "adam",
    "learning_rate": 0.001,
    "loss": "mse",
    "reconstruction_error": "mse"
  },
  "epochs_trained": 100,
  "best_epoch": 100,
  "best_val_loss": 0.009491462260484695,
  "train_error_summary": {
    "mean": 0.008535373024642467,
    "std": 0.030385997146368027,
    "min": 0.0005052276537753642,
    "p50": 0.0035734842531383038,
    "p95": 0.024451203644275665,
    "p99": 0.08341976255178452,
    "max": 1.7072843313217163
  },
  "val_error_summary": {
    "mean": 0.009491462260484695,
    "std": 0.047673534601926804,
    "min": 0.0005641981260851026,
    "p50": 0.0036193099804222584,
    "p95": 0.025807591155171394,
    "p99": 0.09590591490268707,
    "max": 4.253804683685303
  }
}