{
  "model_name": "Base + MAE",
  "model_config": {
    "type": "autoencoder",
    "input_dim": 115,
    "hidden_dims": [
      86,
      57,
      38
    ],
    "latent_dim": 28,
    "activation": "relu",
    "output_activation": "linear",
    "dropout_rate": 0.0,
    "batch_norm": false,
    "l2_reg": 0.0,
    "optimizer": "adam",
    "learning_rate": 0.001,
    "loss": "mae",
    "reconstruction_error": "mae"
  },
  "epochs_trained": 100,
  "best_epoch": 99,
  "best_val_loss": 0.06312716752290726,
  "train_error_summary": {
    "mean": 0.059868812561035156,
    "std": 0.1665634661912918,
    "min": 0.003056138753890991,
    "p50": 0.01564793288707733,
    "p95": 0.22425657510757446,
    "p99": 0.9700202345848083,
    "max": 3.2147879600524902
  },
  "val_error_summary": {
    "mean": 0.06312717497348785,
    "std": 0.1800079047679901,
    "min": 0.0031715985387563705,
    "p50": 0.01579095982015133,
    "p95": 0.22360308468341827,
    "p99": 1.0401676893234253,
    "max": 3.1549630165100098
  }
}