{
  "model_name": "Compacto regularizado + MSE",
  "model_config": {
    "type": "autoencoder",
    "input_dim": 115,
    "hidden_dims": [
      64,
      32
    ],
    "latent_dim": 16,
    "activation": "leaky_relu",
    "output_activation": "linear",
    "dropout_rate": 0.1,
    "batch_norm": true,
    "l2_reg": 0.0001,
    "optimizer": "adam",
    "learning_rate": 0.001,
    "loss": "mse",
    "reconstruction_error": "mse"
  },
  "epochs_trained": 95,
  "best_epoch": 85,
  "best_val_loss": 0.12302906066179276,
  "train_error_summary": {
    "mean": 0.10582684725522995,
    "std": 1.2118170261383057,
    "min": 0.00044958412763662636,
    "p50": 0.01380077749490738,
    "p95": 0.22041413187980652,
    "p99": 1.0571372509002686,
    "max": 105.25305938720703
  },
  "val_error_summary": {
    "mean": 0.10020101070404053,
    "std": 1.021384835243225,
    "min": 0.0005570265930145979,
    "p50": 0.014152174815535545,
    "p95": 0.22669509053230286,
    "p99": 1.0799554586410522,
    "max": 64.06883239746094
  }
}