{
  "model_name": "Compacto regularizado + MSE",
  "model_config": {
    "type": "autoencoder",
    "input_dim": 115,
    "hidden_dims": [
      64,
      32
    ],
    "latent_dim": 16,
    "activation": "leaky_relu",
    "output_activation": "linear",
    "dropout_rate": 0.1,
    "batch_norm": true,
    "l2_reg": 0.0001,
    "optimizer": "adam",
    "learning_rate": 0.001,
    "loss": "mse",
    "reconstruction_error": "mse"
  },
  "epochs_trained": 100,
  "best_epoch": 98,
  "best_val_loss": 0.10135574638843536,
  "train_error_summary": {
    "mean": 0.08017098158597946,
    "std": 0.37589725852012634,
    "min": 0.0020968106109648943,
    "p50": 0.019017795100808144,
    "p95": 0.2717837393283844,
    "p99": 0.9558795094490051,
    "max": 26.736114501953125
  },
  "val_error_summary": {
    "mean": 0.08419594168663025,
    "std": 0.4355946183204651,
    "min": 0.0021237169858068228,
    "p50": 0.019551996141672134,
    "p95": 0.27726995944976807,
    "p99": 1.0382964611053467,
    "max": 28.407989501953125
  }
}