{
  "model_name": "Compacto regularizado + MAE",
  "model_config": {
    "type": "autoencoder",
    "input_dim": 115,
    "hidden_dims": [
      64,
      32
    ],
    "latent_dim": 16,
    "activation": "leaky_relu",
    "output_activation": "linear",
    "dropout_rate": 0.1,
    "batch_norm": true,
    "l2_reg": 0.0001,
    "optimizer": "adam",
    "learning_rate": 0.001,
    "loss": "mae",
    "reconstruction_error": "mae"
  },
  "epochs_trained": 93,
  "best_epoch": 83,
  "best_val_loss": 0.09179369360208511,
  "train_error_summary": {
    "mean": 0.08318588137626648,
    "std": 0.10644309222698212,
    "min": 0.00866183266043663,
    "p50": 0.05854341387748718,
    "p95": 0.19918093085289001,
    "p99": 0.31163954734802246,
    "max": 5.196266174316406
  },
  "val_error_summary": {
    "mean": 0.08517955243587494,
    "std": 0.10997805744409561,
    "min": 0.00916890986263752,
    "p50": 0.059208836406469345,
    "p95": 0.20477788150310516,
    "p99": 0.3298540711402893,
    "max": 3.8069040775299072
  }
}