{
  "model_name": "Compacto regularizado + MAE",
  "model_config": {
    "type": "autoencoder",
    "input_dim": 115,
    "hidden_dims": [
      64,
      32
    ],
    "latent_dim": 16,
    "activation": "leaky_relu",
    "output_activation": "linear",
    "dropout_rate": 0.1,
    "batch_norm": true,
    "l2_reg": 0.0001,
    "optimizer": "adam",
    "learning_rate": 0.001,
    "loss": "mae",
    "reconstruction_error": "mae"
  },
  "epochs_trained": 93,
  "best_epoch": 89,
  "best_val_loss": 0.09860511869192123,
  "train_error_summary": {
    "mean": 0.08774005621671677,
    "std": 0.2218392938375473,
    "min": 0.007979225367307663,
    "p50": 0.033814266324043274,
    "p95": 0.2840708792209625,
    "p99": 1.3823835849761963,
    "max": 4.404875755310059
  },
  "val_error_summary": {
    "mean": 0.09199312329292297,
    "std": 0.23897743225097656,
    "min": 0.007188644725829363,
    "p50": 0.03408383950591087,
    "p95": 0.3081839382648468,
    "p99": 1.4031286239624023,
    "max": 4.404875755310059
  }
}