{
  "model_name": "Compacto + MSE",
  "model_config": {
    "type": "autoencoder",
    "input_dim": 115,
    "hidden_dims": [
      64,
      32
    ],
    "latent_dim": 16,
    "activation": "relu",
    "output_activation": "linear",
    "dropout_rate": 0.0,
    "batch_norm": false,
    "l2_reg": 0.0,
    "optimizer": "adam",
    "learning_rate": 0.001,
    "loss": "mse",
    "reconstruction_error": "mse"
  },
  "epochs_trained": 100,
  "best_epoch": 100,
  "best_val_loss": 0.025797057896852493,
  "train_error_summary": {
    "mean": 0.022142143920063972,
    "std": 0.08384068310260773,
    "min": 0.0002976822725031525,
    "p50": 0.004097034223377705,
    "p95": 0.08477155864238739,
    "p99": 0.2913096249103546,
    "max": 4.0239739418029785
  },
  "val_error_summary": {
    "mean": 0.025797056034207344,
    "std": 0.12807424366474152,
    "min": 0.0003219620557501912,
    "p50": 0.004067153204232454,
    "p95": 0.08664762228727341,
    "p99": 0.32406386733055115,
    "max": 4.092525959014893
  }
}