{
  "model_name": "Compacto regularizado + MSE",
  "model_config": {
    "type": "autoencoder",
    "input_dim": 115,
    "hidden_dims": [
      64,
      32
    ],
    "latent_dim": 16,
    "activation": "leaky_relu",
    "output_activation": "linear",
    "dropout_rate": 0.1,
    "batch_norm": true,
    "l2_reg": 0.0001,
    "optimizer": "adam",
    "learning_rate": 0.001,
    "loss": "mse",
    "reconstruction_error": "mse"
  },
  "epochs_trained": 100,
  "best_epoch": 90,
  "best_val_loss": 0.04169837757945061,
  "train_error_summary": {
    "mean": 0.03285715728998184,
    "std": 0.16734153032302856,
    "min": 0.0004201541014481336,
    "p50": 0.011404139921069145,
    "p95": 0.11531753838062286,
    "p99": 0.3270208239555359,
    "max": 17.456172943115234
  },
  "val_error_summary": {
    "mean": 0.031795576214790344,
    "std": 0.1791118085384369,
    "min": 0.0005043302662670612,
    "p50": 0.011084971949458122,
    "p95": 0.11348500847816467,
    "p99": 0.30802121758461,
    "max": 17.456172943115234
  }
}