{
  "model_name": "Base + MSE",
  "model_config": {
    "type": "autoencoder",
    "input_dim": 115,
    "hidden_dims": [
      86,
      57,
      38
    ],
    "latent_dim": 28,
    "activation": "relu",
    "output_activation": "linear",
    "dropout_rate": 0.0,
    "batch_norm": false,
    "l2_reg": 0.0,
    "optimizer": "adam",
    "learning_rate": 0.001,
    "loss": "mse",
    "reconstruction_error": "mse"
  },
  "epochs_trained": 100,
  "best_epoch": 98,
  "best_val_loss": 0.03089655190706253,
  "train_error_summary": {
    "mean": 0.018194852396845818,
    "std": 0.08584456890821457,
    "min": 0.00010626993753248826,
    "p50": 0.000631173315923661,
    "p95": 0.08974968641996384,
    "p99": 0.3554183840751648,
    "max": 2.2556777000427246
  },
  "val_error_summary": {
    "mean": 0.03089655376970768,
    "std": 0.23257824778556824,
    "min": 0.00011362215445842594,
    "p50": 0.0006401512073352933,
    "p95": 0.10276810824871063,
    "p99": 0.6003687381744385,
    "max": 6.9034905433654785
  }
}