{
  "experiment_name": "nbaiot_autoencoder_per_device_stage_2",
  "dataset": "nbaiot",
  "model": "autoencoder",
  "strategy": "per_device_autoencoder_optimization",
  "seed": 42,
  "stage": 2,
  "n_devices": 9,
  "n_trials_per_device": 10,
  "objective": "minimize_p99_validation_reconstruction_error",
  "training": {
    "epochs": 100,
    "batch_size": 1024,
    "shuffle_train": true,
    "early_stopping": {
      "enabled": true,
      "monitor": "val_loss",
      "mode": "min",
      "patience": 10,
      "min_delta": 1e-05,
      "restore_best_weights": true
    }
  },
  "devices": {
    "device_1": {
      "n_features": 115,
      "n_trials": 10,
      "best_objective_value": 0.6971396803855896,
      "final_model_validation_objective": 0.7588342428207397,
      "objective_quantile": 0.99,
      "best_epoch": 64,
      "best_val_loss": 0.07145825773477554,
      "best_params": {
        "type": "autoencoder",
        "hidden_dims": [
          64,
          32
        ],
        "activation": "relu",
        "output_activation": "linear",
        "optimizer": "adam",
        "loss": "mse",
        "reconstruction_error": "mse",
        "latent_dim": 8,
        "learning_rate": 0.0021576967455896826,
        "dropout_rate": 0.03993475643167195,
        "l2_reg": 5.1423443841361164e-05,
        "batch_norm": false,
        "input_dim": 115
      },
      "train_error_summary": {
        "mean": 0.05935712903738022,
        "std": 0.5658424496650696,
        "min": 0.00042907739407382905,
        "p50": 0.007934908382594585,
        "p95": 0.11778751760721207,
        "p99": 0.7088829278945923,
        "p99_5": 1.8439009189605713,
        "max": 31.25020980834961
      },
      "val_error_summary": {
        "mean": 0.057658858597278595,
        "std": 0.6074907183647156,
        "min": 0.0004315057012718171,
        "p50": 0.008152954280376434,
        "p95": 0.12933942675590515,
        "p99": 0.7588342428207397,
        "p99_5": 1.4019525051116943,
        "max": 41.341426849365234
      }
    },
    "device_2": {
      "n_features": 115,
      "n_trials": 10,
      "best_objective_value": 0.5246922969818115,
      "final_model_validation_objective": 0.591450035572052,
      "objective_quantile": 0.99,
      "best_epoch": 77,
      "best_val_loss": 0.05478397384285927,
      "best_params": {
        "type": "autoencoder",
        "hidden_dims": [
          64,
          32
        ],
        "activation": "relu",
        "output_activation": "linear",
        "optimizer": "adam",
        "loss": "mse",
        "reconstruction_error": "mse",
        "latent_dim": 8,
        "learning_rate": 0.0036832964384234204,
        "dropout_rate": 0.0176985004103839,
        "l2_reg": 1.959828624191452e-05,
        "batch_norm": true,
        "input_dim": 115
      },
      "train_error_summary": {
        "mean": 0.05261773616075516,
        "std": 0.13346941769123077,
        "min": 0.0031135466415435076,
        "p50": 0.021650658920407295,
        "p95": 0.1675928384065628,
        "p99": 0.6286314129829407,
        "p99_5": 0.9280807375907898,
        "max": 3.080207109451294
      },
      "val_error_summary": {
        "mean": 0.04906657710671425,
        "std": 0.1257067620754242,
        "min": 0.00421243067830801,
        "p50": 0.021479981020092964,
        "p95": 0.1528729647397995,
        "p99": 0.591450035572052,
        "p99_5": 0.8503660559654236,
        "max": 2.9382028579711914
      }
    },
    "device_3": {
      "n_features": 115,
      "n_trials": 10,
      "best_objective_value": 0.5013381242752075,
      "final_model_validation_objective": 0.8101675510406494,
      "objective_quantile": 0.99,
      "best_epoch": 52,
      "best_val_loss": 0.06145340949296951,
      "best_params": {
        "type": "autoencoder",
        "hidden_dims": [
          64,
          32
        ],
        "activation": "relu",
        "output_activation": "linear",
        "optimizer": "adam",
        "loss": "mse",
        "reconstruction_error": "mse",
        "latent_dim": 8,
        "learning_rate": 0.0036832964384234204,
        "dropout_rate": 0.0176985004103839,
        "l2_reg": 1.959828624191452e-05,
        "batch_norm": true,
        "input_dim": 115
      },
      "train_error_summary": {
        "mean": 0.05138690769672394,
        "std": 0.34389811754226685,
        "min": 0.001117055187933147,
        "p50": 0.00961579941213131,
        "p95": 0.15220807492733002,
        "p99": 0.6240354776382446,
        "p99_5": 1.2967896461486816,
        "max": 27.692792892456055
      },
      "val_error_summary": {
        "mean": 0.05473652854561806,
        "std": 0.3167824447154999,
        "min": 0.0010910535929724574,
        "p50": 0.009645888581871986,
        "p95": 0.15358072519302368,
        "p99": 0.8101675510406494,
        "p99_5": 1.6819672584533691,
        "max": 15.161527633666992
      }
    },
    "device_4": {
      "n_features": 115,
      "n_trials": 10,
      "best_objective_value": 0.6305568218231201,
      "final_model_validation_objective": 0.6234242916107178,
      "objective_quantile": 0.99,
      "best_epoch": 78,
      "best_val_loss": 0.04674745723605156,
      "best_params": {
        "type": "autoencoder",
        "hidden_dims": [
          64,
          32
        ],
        "activation": "relu",
        "output_activation": "linear",
        "optimizer": "adam",
        "loss": "mse",
        "reconstruction_error": "mse",
        "latent_dim": 16,
        "learning_rate": 0.0008356499023325525,
        "dropout_rate": 0.02818484499495253,
        "l2_reg": 8.021969807540397e-05,
        "batch_norm": true,
        "input_dim": 115
      },
      "train_error_summary": {
        "mean": 0.035792961716651917,
        "std": 0.16583995521068573,
        "min": 0.0005959434201940894,
        "p50": 0.00555763766169548,
        "p95": 0.1336045116186142,
        "p99": 0.6493549942970276,
        "p99_5": 0.972487211227417,
        "max": 18.420196533203125
      },
      "val_error_summary": {
        "mean": 0.03461097180843353,
        "std": 0.14731861650943756,
        "min": 0.0006830781931057572,
        "p50": 0.005550517234951258,
        "p95": 0.12882597744464874,
        "p99": 0.6234242916107178,
        "p99_5": 0.929133951663971,
        "max": 7.377316474914551
      }
    },
    "device_5": {
      "n_features": 115,
      "n_trials": 10,
      "best_objective_value": 0.18519853055477142,
      "final_model_validation_objective": 0.2667563855648041,
      "objective_quantile": 0.99,
      "best_epoch": 36,
      "best_val_loss": 0.02693117968738079,
      "best_params": {
        "type": "autoencoder",
        "hidden_dims": [
          64,
          32
        ],
        "activation": "relu",
        "output_activation": "linear",
        "optimizer": "adam",
        "loss": "mse",
        "reconstruction_error": "mse",
        "latent_dim": 8,
        "learning_rate": 0.0036832964384234204,
        "dropout_rate": 0.0176985004103839,
        "l2_reg": 1.959828624191452e-05,
        "batch_norm": true,
        "input_dim": 115
      },
      "train_error_summary": {
        "mean": 0.02265605702996254,
        "std": 0.0874972939491272,
        "min": 0.0010371138341724873,
        "p50": 0.007568053901195526,
        "p95": 0.0723380446434021,
        "p99": 0.2716362774372101,
        "p99_5": 0.4225776195526123,
        "max": 6.7794671058654785
      },
      "val_error_summary": {
        "mean": 0.022115221247076988,
        "std": 0.08783788979053497,
        "min": 0.001127920695580542,
        "p50": 0.007525690831243992,
        "p95": 0.07223902642726898,
        "p99": 0.2667563855648041,
        "p99_5": 0.4092104434967041,
        "max": 6.7794671058654785
      }
    },
    "device_6": {
      "n_features": 115,
      "n_trials": 10,
      "best_objective_value": 0.17812542617321014,
      "final_model_validation_objective": 0.17565865814685822,
      "objective_quantile": 0.99,