{
  "model_name": "Base + MSE",
  "model_config": {
    "type": "autoencoder",
    "input_dim": 115,
    "hidden_dims": [
      86,
      57,
      38
    ],
    "latent_dim": 28,
    "activation": "relu",
    "output_activation": "linear",
    "dropout_rate": 0.0,
    "batch_norm": false,
    "l2_reg": 0.0,
    "optimizer": "adam",
    "learning_rate": 0.001,
    "loss": "mse",
    "reconstruction_error": "mse"
  },
  "epochs_trained": 100,
  "best_epoch": 99,
  "best_val_loss": 0.017755204811692238,
  "train_error_summary": {
    "mean": 0.015052391216158867,
    "std": 0.052772242575883865,
    "min": 0.0003912537940777838,
    "p50": 0.00284888269379735,
    "p95": 0.058692384511232376,
    "p99": 0.19206883013248444,
    "max": 2.15800404548645
  },
  "val_error_summary": {
    "mean": 0.017755204811692238,
    "std": 0.0866813212633133,
    "min": 0.00037214349140413105,
    "p50": 0.0029671082738786936,
    "p95": 0.062365978956222534,
    "p99": 0.2339969426393509,
    "max": 3.629572868347168
  }
}