{
  "model_name": "Compacto regularizado + MAE",
  "model_config": {
    "type": "autoencoder",
    "input_dim": 115,
    "hidden_dims": [
      64,
      32
    ],
    "latent_dim": 16,
    "activation": "leaky_relu",
    "output_activation": "linear",
    "dropout_rate": 0.1,
    "batch_norm": true,
    "l2_reg": 0.0001,
    "optimizer": "adam",
    "learning_rate": 0.001,
    "loss": "mae",
    "reconstruction_error": "mae"
  },
  "epochs_trained": 70,
  "best_epoch": 60,
  "best_val_loss": 0.06810168921947479,
  "train_error_summary": {
    "mean": 0.06564012914896011,
    "std": 0.17033609747886658,
    "min": 0.003511169459670782,
    "p50": 0.023324422538280487,
    "p95": 0.24607516825199127,
    "p99": 0.8988460898399353,
    "max": 3.477149486541748
  },
  "val_error_summary": {
    "mean": 0.0638851523399353,
    "std": 0.16293124854564667,
    "min": 0.0036389201413840055,
    "p50": 0.023316126316785812,
    "p95": 0.24009302258491516,
    "p99": 0.829387366771698,
    "max": 2.740408420562744
  }
}