{
  "model_name": "Compacto regularizado + MAE",
  "model_config": {
    "type": "autoencoder",
    "input_dim": 115,
    "hidden_dims": [
      64,
      32
    ],
    "latent_dim": 16,
    "activation": "leaky_relu",
    "output_activation": "linear",
    "dropout_rate": 0.1,
    "batch_norm": true,
    "l2_reg": 0.0001,
    "optimizer": "adam",
    "learning_rate": 0.001,
    "loss": "mae",
    "reconstruction_error": "mae"
  },
  "epochs_trained": 100,
  "best_epoch": 100,
  "best_val_loss": 0.07671178132295609,
  "train_error_summary": {
    "mean": 0.0726596862077713,
    "std": 0.11993607133626938,
    "min": 0.003995729610323906,
    "p50": 0.03874744474887848,
    "p95": 0.2121748924255371,
    "p99": 0.42532697319984436,
    "max": 4.899503231048584
  },
  "val_error_summary": {
    "mean": 0.07049261033535004,
    "std": 0.11030787974596024,
    "min": 0.003201399464160204,
    "p50": 0.038419242948293686,
    "p95": 0.20917615294456482,
    "p99": 0.4015795588493347,
    "max": 4.899503231048584
  }
}