{
  "n_features": 115,
  "n_trials": 10,
  "best_objective_value": 0.18519853055477142,
  "final_model_validation_objective": 0.2667563855648041,
  "objective_quantile": 0.99,
  "best_epoch": 36,
  "best_val_loss": 0.02693117968738079,
  "best_params": {
    "type": "autoencoder",
    "hidden_dims": [
      64,
      32
    ],
    "activation": "relu",
    "output_activation": "linear",
    "optimizer": "adam",
    "loss": "mse",
    "reconstruction_error": "mse",
    "latent_dim": 8,
    "learning_rate": 0.0036832964384234204,
    "dropout_rate": 0.0176985004103839,
    "l2_reg": 1.959828624191452e-05,
    "batch_norm": true,
    "input_dim": 115
  },
  "train_error_summary": {
    "mean": 0.02265605702996254,
    "std": 0.0874972939491272,
    "min": 0.0010371138341724873,
    "p50": 0.007568053901195526,
    "p95": 0.0723380446434021,
    "p99": 0.2716362774372101,
    "p99_5": 0.4225776195526123,
    "max": 6.7794671058654785
  },
  "val_error_summary": {
    "mean": 0.022115221247076988,
    "std": 0.08783788979053497,
    "min": 0.001127920695580542,
    "p50": 0.007525690831243992,
    "p95": 0.07223902642726898,
    "p99": 0.2667563855648041,
    "p99_5": 0.4092104434967041,
    "max": 6.7794671058654785
  }
}