{
  "model_name": "Base regularizado + MSE",
  "model_config": {
    "type": "autoencoder",
    "input_dim": 115,
    "hidden_dims": [
      64,
      24
    ],
    "latent_dim": 6,
    "activation": "leaky_relu",
    "output_activation": "linear",
    "dropout_rate": 0.1,
    "batch_norm": true,
    "l2_reg": 0.0001,
    "optimizer": "adam",
    "learning_rate": 0.001,
    "loss": "mse",
    "reconstruction_error": "mse"
  },
  "epochs_trained": 20,
  "best_epoch": 10,
  "best_val_loss": 0.40876561403274536,
  "train_error_summary": {
    "mean": 0.3925879895687103,
    "std": 1.5026096105575562,
    "min": 0.011049415916204453,
    "p50": 0.0655178427696228,
    "p95": 1.2835650444030762,
    "p99": 5.550104141235352,
    "max": 84.73307800292969
  },
  "val_error_summary": {
    "mean": 0.38287514448165894,
    "std": 1.4761942625045776,
    "min": 0.012223758734762669,
    "p50": 0.06552235782146454,
    "p95": 1.276357889175415,
    "p99": 5.276212692260742,
    "max": 102.90675354003906
  }
}