{
  "model_name": "Compacto regularizado + MSE",
  "model_config": {
    "type": "autoencoder",
    "input_dim": 115,
    "hidden_dims": [
      64,
      32
    ],
    "latent_dim": 16,
    "activation": "leaky_relu",
    "output_activation": "linear",
    "dropout_rate": 0.1,
    "batch_norm": true,
    "l2_reg": 0.0001,
    "optimizer": "adam",
    "learning_rate": 0.001,
    "loss": "mse",
    "reconstruction_error": "mse"
  },
  "epochs_trained": 100,
  "best_epoch": 91,
  "best_val_loss": 0.13368314504623413,
  "train_error_summary": {
    "mean": 0.09443140029907227,
    "std": 0.4650590121746063,
    "min": 0.0010460726916790009,
    "p50": 0.0043833195231854916,
    "p95": 0.4821344316005707,
    "p99": 1.8547003269195557,
    "max": 28.03884506225586
  },
  "val_error_summary": {
    "mean": 0.11260680854320526,
    "std": 0.5580321550369263,
    "min": 0.0011900013778358698,
    "p50": 0.004401697777211666,
    "p95": 0.5145232677459717,
    "p99": 2.146275281906128,
    "max": 12.591184616088867
  }
}