{
  "model_name": "Compacto + MSE",
  "model_config": {
    "type": "autoencoder",
    "input_dim": 115,
    "hidden_dims": [
      64,
      32
    ],
    "latent_dim": 16,
    "activation": "relu",
    "output_activation": "linear",
    "dropout_rate": 0.0,
    "batch_norm": false,
    "l2_reg": 0.0,
    "optimizer": "adam",
    "learning_rate": 0.001,
    "loss": "mse",
    "reconstruction_error": "mse"
  },
  "epochs_trained": 100,
  "best_epoch": 100,
  "best_val_loss": 0.03053315170109272,
  "train_error_summary": {
    "mean": 0.03202664852142334,
    "std": 0.08814801275730133,
    "min": 0.0005536457756534219,
    "p50": 0.011561605148017406,
    "p95": 0.11120152473449707,
    "p99": 0.4151095747947693,
    "max": 1.8353997468948364
  },
  "val_error_summary": {
    "mean": 0.03053315170109272,
    "std": 0.09213880449533463,
    "min": 0.0005772446165792644,
    "p50": 0.011235269717872143,
    "p95": 0.09784141927957535,
    "p99": 0.3879968523979187,
    "max": 2.3275551795959473
  }
}